{
  "token": "FLVROYFL0YF1GXJK1GJHUM2HYIG4MG5IULV50KQUNZB2WBTT",
  "latlng": [37.55305, -122.31909],
  "zoom": 13
}
